iOS Developer, Test Triange LTD , https://ie.indeed.com/jobs?q=junior+ios+developer&l=Dublin&start=0&vjk=6874db0b587dabb5
Developer Emobility, Wipro LTD , https://ie.indeed.com/jobs?q=junior+ios+developer&l=Dublin&start=0&vjk=ea80f1f59efbb969
Junior PHP Developer, Reperio Human Capital , https://ie.indeed.com/jobs?q=junior+ios+developer&l=Dublin&start=0&vjk=7b3156b5ebf349ac
Junior UX Full Stack Designer, Hertz Europe , https://ie.indeed.com/jobs?q=junior+ios+developer&l=Dublin&start=0&vjk=928dca03eb250d90
Senior Test Engineer, Independent News  Media , https://ie.indeed.com/jobs?q=junior+ios+developer&l=Dublin&start=0&vjk=2fb831c277eabf1e
iOS Developer, Test Triange LTD , https://ie.indeed.com/jobs?q=junior+ios+developer&l=Dublin&start=10&vjk=6874db0b587dabb5
Developer Emobility, Wipro LTD , https://ie.indeed.com/jobs?q=junior+ios+developer&l=Dublin&start=10&vjk=ea80f1f59efbb969
Junior PHP Developer, Reperio Human Capital , https://ie.indeed.com/jobs?q=junior+ios+developer&l=Dublin&start=10&vjk=7b3156b5ebf349ac
Junior UX Full Stack Designer, Hertz Europe , https://ie.indeed.com/jobs?q=junior+ios+developer&l=Dublin&start=10&vjk=928dca03eb250d90
Senior Test Engineer, Independent News  Media , https://ie.indeed.com/jobs?q=junior+ios+developer&l=Dublin&start=10&vjk=2fb831c277eabf1e
iOS Developer, Test Triange LTD , https://ie.indeed.com/jobs?q=junior+ios+developer&l=Dublin&start=20&vjk=6874db0b587dabb5
Developer Emobility, Wipro LTD , https://ie.indeed.com/jobs?q=junior+ios+developer&l=Dublin&start=20&vjk=ea80f1f59efbb969
Junior UX Full Stack Designer, Hertz Europe , https://ie.indeed.com/jobs?q=junior+ios+developer&l=Dublin&start=20&vjk=928dca03eb250d90
Junior PHP Developer, Reperio Human Capital , https://ie.indeed.com/jobs?q=junior+ios+developer&l=Dublin&start=20&vjk=7b3156b5ebf349ac
Senior Test Engineer, Independent News  Media , https://ie.indeed.com/jobs?q=junior+ios+developer&l=Dublin&start=20&vjk=2fb831c277eabf1e
iOS Developer, Test Triange LTD , https://ie.indeed.com/jobs?q=junior+ios+developer&l=Dublin&start=30&vjk=6874db0b587dabb5
Developer Emobility, Wipro LTD , https://ie.indeed.com/jobs?q=junior+ios+developer&l=Dublin&start=30&vjk=ea80f1f59efbb969
Junior PHP Developer, Reperio Human Capital , https://ie.indeed.com/jobs?q=junior+ios+developer&l=Dublin&start=30&vjk=7b3156b5ebf349ac
Junior UX Full Stack Designer, Hertz Europe , https://ie.indeed.com/jobs?q=junior+ios+developer&l=Dublin&start=30&vjk=928dca03eb250d90
Senior Test Engineer, Independent News  Media , https://ie.indeed.com/jobs?q=junior+ios+developer&l=Dublin&start=30&vjk=2fb831c277eabf1e
iOS Developer, Test Triange LTD , https://ie.indeed.com/jobs?q=junior+ios+developer&l=Dublin&start=40&vjk=6874db0b587dabb5
Developer Emobility, Wipro LTD , https://ie.indeed.com/jobs?q=junior+ios+developer&l=Dublin&start=40&vjk=ea80f1f59efbb969
Junior PHP Developer, Reperio Human Capital , https://ie.indeed.com/jobs?q=junior+ios+developer&l=Dublin&start=40&vjk=7b3156b5ebf349ac
Junior UX Full Stack Designer, Hertz Europe , https://ie.indeed.com/jobs?q=junior+ios+developer&l=Dublin&start=40&vjk=928dca03eb250d90
Senior Test Engineer, Independent News  Media , https://ie.indeed.com/jobs?q=junior+ios+developer&l=Dublin&start=40&vjk=2fb831c277eabf1e
iOS Developer, Test Triange LTD , https://ie.indeed.com/jobs?q=junior+ios+developer&l=Dublin&start=50&vjk=6874db0b587dabb5
Developer Emobility, Wipro LTD , https://ie.indeed.com/jobs?q=junior+ios+developer&l=Dublin&start=50&vjk=ea80f1f59efbb969
Junior UX Full Stack Designer, Hertz Europe , https://ie.indeed.com/jobs?q=junior+ios+developer&l=Dublin&start=50&vjk=928dca03eb250d90
Junior PHP Developer, Reperio Human Capital , https://ie.indeed.com/jobs?q=junior+ios+developer&l=Dublin&start=50&vjk=7b3156b5ebf349ac
Senior Test Engineer, Independent News  Media , https://ie.indeed.com/jobs?q=junior+ios+developer&l=Dublin&start=50&vjk=2fb831c277eabf1e
iOS Developer, Test Triange LTD , https://ie.indeed.com/jobs?q=junior+ios+developer&l=Dublin&start=60&vjk=6874db0b587dabb5
Developer Emobility, Wipro LTD , https://ie.indeed.com/jobs?q=junior+ios+developer&l=Dublin&start=60&vjk=ea80f1f59efbb969
Junior PHP Developer, Reperio Human Capital , https://ie.indeed.com/jobs?q=junior+ios+developer&l=Dublin&start=60&vjk=7b3156b5ebf349ac
Junior UX Full Stack Designer, Hertz Europe , https://ie.indeed.com/jobs?q=junior+ios+developer&l=Dublin&start=60&vjk=928dca03eb250d90
Senior Test Engineer, Independent News  Media , https://ie.indeed.com/jobs?q=junior+ios+developer&l=Dublin&start=60&vjk=2fb831c277eabf1e
iOS Developer, Test Triange LTD , https://ie.indeed.com/jobs?q=junior+ios+developer&l=Dublin&start=70&vjk=6874db0b587dabb5
Developer Emobility, Wipro LTD , https://ie.indeed.com/jobs?q=junior+ios+developer&l=Dublin&start=70&vjk=ea80f1f59efbb969
Junior UX Full Stack Designer, Hertz Europe , https://ie.indeed.com/jobs?q=junior+ios+developer&l=Dublin&start=70&vjk=928dca03eb250d90
Junior PHP Developer, Reperio Human Capital , https://ie.indeed.com/jobs?q=junior+ios+developer&l=Dublin&start=70&vjk=7b3156b5ebf349ac
Senior Test Engineer, Independent News  Media , https://ie.indeed.com/jobs?q=junior+ios+developer&l=Dublin&start=70&vjk=2fb831c277eabf1e
iOS Developer, Test Triange LTD , https://ie.indeed.com/jobs?q=junior+ios+developer&l=Dublin&start=80&vjk=6874db0b587dabb5
Developer Emobility, Wipro LTD , https://ie.indeed.com/jobs?q=junior+ios+developer&l=Dublin&start=80&vjk=ea80f1f59efbb969
Junior PHP Developer, Reperio Human Capital , https://ie.indeed.com/jobs?q=junior+ios+developer&l=Dublin&start=80&vjk=7b3156b5ebf349ac
Junior UX Full Stack Designer, Hertz Europe , https://ie.indeed.com/jobs?q=junior+ios+developer&l=Dublin&start=80&vjk=928dca03eb250d90
Senior Test Engineer, Independent News  Media , https://ie.indeed.com/jobs?q=junior+ios+developer&l=Dublin&start=80&vjk=2fb831c277eabf1e
iOS Developer, Test Triange LTD , https://ie.indeed.com/jobs?q=junior+ios+developer&l=Dublin&start=90&vjk=6874db0b587dabb5
Developer Emobility, Wipro LTD , https://ie.indeed.com/jobs?q=junior+ios+developer&l=Dublin&start=90&vjk=ea80f1f59efbb969
Junior PHP Developer, Reperio Human Capital , https://ie.indeed.com/jobs?q=junior+ios+developer&l=Dublin&start=90&vjk=7b3156b5ebf349ac
Junior UX Full Stack Designer, Hertz Europe , https://ie.indeed.com/jobs?q=junior+ios+developer&l=Dublin&start=90&vjk=928dca03eb250d90
Senior Test Engineer, Independent News  Media , https://ie.indeed.com/jobs?q=junior+ios+developer&l=Dublin&start=90&vjk=2fb831c277eabf1e
