Junior SysAdmin, Aptvision , https://ie.indeed.com/jobs?q=junior+scrum+master&l=Dublin&start=0&vjk=cac0fa61d025cbe7
Senior Scrum Master  Blockchain, MasterCard , https://ie.indeed.com/jobs?q=junior+scrum+master&l=Dublin&start=0&vjk=277a96c837138632
SCRUM MASTER GLOBAL FINTECH DUBLIN CC, Sigmar Recruitment , https://ie.indeed.com/jobs?q=junior+scrum+master&l=Dublin&start=0&vjk=a1d223fabca198a4
Financial Services Advisory  Consultant, Grant Thornton , https://ie.indeed.com/jobs?q=junior+scrum+master&l=Dublin&start=0&vjk=6ca83ce896c25cac
Systems Specialist, Salesforce , https://ie.indeed.com/jobs?q=junior+scrum+master&l=Dublin&start=0&vjk=180a52433968553b
Senior Frontend Developer, Oneview Healthcare , https://ie.indeed.com/jobs?q=junior+scrum+master&l=Dublin&start=0&vjk=dc2234daef2435b1
Senior Software Engineer, FINEOS Corporation , https://ie.indeed.com/jobs?q=junior+scrum+master&l=Dublin&start=0&vjk=0cd49a64cf0d9fe5
Python Developer Platform Enhancements Team, Allen Recruitment Consulting , https://ie.indeed.com/jobs?q=junior+scrum+master&l=Dublin&start=0&vjk=6fe617113c34685e
Mid Level Java Developer, Experis UK  Ireland , https://ie.indeed.com/jobs?q=junior+scrum+master&l=Dublin&start=0&vjk=ad32e7dad0535a9f
Senior Java Engineer  Technical Lead, Experis UK  Ireland , https://ie.indeed.com/jobs?q=junior+scrum+master&l=Dublin&start=0&vjk=92face4c5fbf8939
Junior SysAdmin, Aptvision , https://ie.indeed.com/jobs?q=junior+scrum+master&l=Dublin&start=10&vjk=cac0fa61d025cbe7
Financial Services Advisory  Consultant, Grant Thornton , https://ie.indeed.com/jobs?q=junior+scrum+master&l=Dublin&start=10&vjk=6ca83ce896c25cac
Systems Specialist, Salesforce , https://ie.indeed.com/jobs?q=junior+scrum+master&l=Dublin&start=10&vjk=180a52433968553b
SCRUM MASTER GLOBAL FINTECH DUBLIN CC, Sigmar Recruitment , https://ie.indeed.com/jobs?q=junior+scrum+master&l=Dublin&start=10&vjk=a1d223fabca198a4
Senior Scrum Master  Blockchain, MasterCard , https://ie.indeed.com/jobs?q=junior+scrum+master&l=Dublin&start=10&vjk=277a96c837138632
Python Developer Platform Enhancements Team, Allen Recruitment Consulting , https://ie.indeed.com/jobs?q=junior+scrum+master&l=Dublin&start=10&vjk=6fe617113c34685e
Mid Level Java Developer, Experis UK  Ireland , https://ie.indeed.com/jobs?q=junior+scrum+master&l=Dublin&start=10&vjk=ad32e7dad0535a9f
Senior Frontend Developer, Oneview Healthcare , https://ie.indeed.com/jobs?q=junior+scrum+master&l=Dublin&start=10&vjk=dc2234daef2435b1
Senior Java Engineer  Technical Lead, Experis UK  Ireland , https://ie.indeed.com/jobs?q=junior+scrum+master&l=Dublin&start=10&vjk=92face4c5fbf8939
Senior Software Engineer, FINEOS Corporation , https://ie.indeed.com/jobs?q=junior+scrum+master&l=Dublin&start=10&vjk=0cd49a64cf0d9fe5
Junior SysAdmin, Aptvision , https://ie.indeed.com/jobs?q=junior+scrum+master&l=Dublin&start=20&vjk=cac0fa61d025cbe7
Financial Services Advisory  Consultant, Grant Thornton , https://ie.indeed.com/jobs?q=junior+scrum+master&l=Dublin&start=20&vjk=6ca83ce896c25cac
Systems Specialist, Salesforce , https://ie.indeed.com/jobs?q=junior+scrum+master&l=Dublin&start=20&vjk=180a52433968553b
Senior Scrum Master  Blockchain, MasterCard , https://ie.indeed.com/jobs?q=junior+scrum+master&l=Dublin&start=20&vjk=277a96c837138632
SCRUM MASTER GLOBAL FINTECH DUBLIN CC, Sigmar Recruitment , https://ie.indeed.com/jobs?q=junior+scrum+master&l=Dublin&start=20&vjk=a1d223fabca198a4
Python Developer Platform Enhancements Team, Allen Recruitment Consulting , https://ie.indeed.com/jobs?q=junior+scrum+master&l=Dublin&start=20&vjk=6fe617113c34685e
Mid Level Java Developer, Experis UK  Ireland , https://ie.indeed.com/jobs?q=junior+scrum+master&l=Dublin&start=20&vjk=ad32e7dad0535a9f
Senior Frontend Developer, Oneview Healthcare , https://ie.indeed.com/jobs?q=junior+scrum+master&l=Dublin&start=20&vjk=dc2234daef2435b1
Senior Software Engineer, FINEOS Corporation , https://ie.indeed.com/jobs?q=junior+scrum+master&l=Dublin&start=20&vjk=0cd49a64cf0d9fe5
Senior Java Engineer  Technical Lead, Experis UK  Ireland , https://ie.indeed.com/jobs?q=junior+scrum+master&l=Dublin&start=20&vjk=92face4c5fbf8939
Junior SysAdmin, Aptvision , https://ie.indeed.com/jobs?q=junior+scrum+master&l=Dublin&start=30&vjk=cac0fa61d025cbe7
Financial Services Advisory  Consultant, Grant Thornton , https://ie.indeed.com/jobs?q=junior+scrum+master&l=Dublin&start=30&vjk=6ca83ce896c25cac
Systems Specialist, Salesforce , https://ie.indeed.com/jobs?q=junior+scrum+master&l=Dublin&start=30&vjk=180a52433968553b
Senior Scrum Master  Blockchain, MasterCard , https://ie.indeed.com/jobs?q=junior+scrum+master&l=Dublin&start=30&vjk=277a96c837138632
SCRUM MASTER GLOBAL FINTECH DUBLIN CC, Sigmar Recruitment , https://ie.indeed.com/jobs?q=junior+scrum+master&l=Dublin&start=30&vjk=a1d223fabca198a4
Python Developer Platform Enhancements Team, Allen Recruitment Consulting , https://ie.indeed.com/jobs?q=junior+scrum+master&l=Dublin&start=30&vjk=6fe617113c34685e
Mid Level Java Developer, Experis UK  Ireland , https://ie.indeed.com/jobs?q=junior+scrum+master&l=Dublin&start=30&vjk=ad32e7dad0535a9f
Senior Frontend Developer, Oneview Healthcare , https://ie.indeed.com/jobs?q=junior+scrum+master&l=Dublin&start=30&vjk=dc2234daef2435b1
Senior Software Engineer, FINEOS Corporation , https://ie.indeed.com/jobs?q=junior+scrum+master&l=Dublin&start=30&vjk=0cd49a64cf0d9fe5
Senior Java Engineer  Technical Lead, Experis UK  Ireland , https://ie.indeed.com/jobs?q=junior+scrum+master&l=Dublin&start=30&vjk=92face4c5fbf8939
Junior SysAdmin, Aptvision , https://ie.indeed.com/jobs?q=junior+scrum+master&l=Dublin&start=40&vjk=cac0fa61d025cbe7
Financial Services Advisory  Consultant, Grant Thornton , https://ie.indeed.com/jobs?q=junior+scrum+master&l=Dublin&start=40&vjk=6ca83ce896c25cac
Systems Specialist, Salesforce , https://ie.indeed.com/jobs?q=junior+scrum+master&l=Dublin&start=40&vjk=180a52433968553b
SCRUM MASTER GLOBAL FINTECH DUBLIN CC, Sigmar Recruitment , https://ie.indeed.com/jobs?q=junior+scrum+master&l=Dublin&start=40&vjk=a1d223fabca198a4
Senior Scrum Master  Blockchain, MasterCard , https://ie.indeed.com/jobs?q=junior+scrum+master&l=Dublin&start=40&vjk=277a96c837138632
Python Developer Platform Enhancements Team, Allen Recruitment Consulting , https://ie.indeed.com/jobs?q=junior+scrum+master&l=Dublin&start=40&vjk=6fe617113c34685e
Mid Level Java Developer, Experis UK  Ireland , https://ie.indeed.com/jobs?q=junior+scrum+master&l=Dublin&start=40&vjk=ad32e7dad0535a9f
Senior Frontend Developer, Oneview Healthcare , https://ie.indeed.com/jobs?q=junior+scrum+master&l=Dublin&start=40&vjk=dc2234daef2435b1
Senior Java Engineer  Technical Lead, Experis UK  Ireland , https://ie.indeed.com/jobs?q=junior+scrum+master&l=Dublin&start=40&vjk=92face4c5fbf8939
Senior Software Engineer, FINEOS Corporation , https://ie.indeed.com/jobs?q=junior+scrum+master&l=Dublin&start=40&vjk=0cd49a64cf0d9fe5
Junior SysAdmin, Aptvision , https://ie.indeed.com/jobs?q=junior+scrum+master&l=Dublin&start=50&vjk=cac0fa61d025cbe7
Financial Services Advisory  Consultant, Grant Thornton , https://ie.indeed.com/jobs?q=junior+scrum+master&l=Dublin&start=50&vjk=6ca83ce896c25cac
Systems Specialist, Salesforce , https://ie.indeed.com/jobs?q=junior+scrum+master&l=Dublin&start=50&vjk=180a52433968553b
Senior Scrum Master  Blockchain, MasterCard , https://ie.indeed.com/jobs?q=junior+scrum+master&l=Dublin&start=50&vjk=277a96c837138632
SCRUM MASTER GLOBAL FINTECH DUBLIN CC, Sigmar Recruitment , https://ie.indeed.com/jobs?q=junior+scrum+master&l=Dublin&start=50&vjk=a1d223fabca198a4
Python Developer Platform Enhancements Team, Allen Recruitment Consulting , https://ie.indeed.com/jobs?q=junior+scrum+master&l=Dublin&start=50&vjk=6fe617113c34685e
Mid Level Java Developer, Experis UK  Ireland , https://ie.indeed.com/jobs?q=junior+scrum+master&l=Dublin&start=50&vjk=ad32e7dad0535a9f
Senior Frontend Developer, Oneview Healthcare , https://ie.indeed.com/jobs?q=junior+scrum+master&l=Dublin&start=50&vjk=dc2234daef2435b1
Senior Software Engineer, FINEOS Corporation , https://ie.indeed.com/jobs?q=junior+scrum+master&l=Dublin&start=50&vjk=0cd49a64cf0d9fe5
Senior Java Engineer  Technical Lead, Experis UK  Ireland , https://ie.indeed.com/jobs?q=junior+scrum+master&l=Dublin&start=50&vjk=92face4c5fbf8939
Junior SysAdmin, Aptvision , https://ie.indeed.com/jobs?q=junior+scrum+master&l=Dublin&start=60&vjk=cac0fa61d025cbe7
Senior Scrum Master  Blockchain, MasterCard , https://ie.indeed.com/jobs?q=junior+scrum+master&l=Dublin&start=60&vjk=277a96c837138632
SCRUM MASTER GLOBAL FINTECH DUBLIN CC, Sigmar Recruitment , https://ie.indeed.com/jobs?q=junior+scrum+master&l=Dublin&start=60&vjk=a1d223fabca198a4
Financial Services Advisory  Consultant, Grant Thornton , https://ie.indeed.com/jobs?q=junior+scrum+master&l=Dublin&start=60&vjk=6ca83ce896c25cac
Systems Specialist, Salesforce , https://ie.indeed.com/jobs?q=junior+scrum+master&l=Dublin&start=60&vjk=180a52433968553b
Senior Frontend Developer, Oneview Healthcare , https://ie.indeed.com/jobs?q=junior+scrum+master&l=Dublin&start=60&vjk=dc2234daef2435b1
Senior Software Engineer, FINEOS Corporation , https://ie.indeed.com/jobs?q=junior+scrum+master&l=Dublin&start=60&vjk=0cd49a64cf0d9fe5
Python Developer Platform Enhancements Team, Allen Recruitment Consulting , https://ie.indeed.com/jobs?q=junior+scrum+master&l=Dublin&start=60&vjk=6fe617113c34685e
Mid Level Java Developer, Experis UK  Ireland , https://ie.indeed.com/jobs?q=junior+scrum+master&l=Dublin&start=60&vjk=ad32e7dad0535a9f
Senior Java Engineer  Technical Lead, Experis UK  Ireland , https://ie.indeed.com/jobs?q=junior+scrum+master&l=Dublin&start=60&vjk=92face4c5fbf8939
Junior SysAdmin, Aptvision , https://ie.indeed.com/jobs?q=junior+scrum+master&l=Dublin&start=70&vjk=cac0fa61d025cbe7
Financial Services Advisory  Consultant, Grant Thornton , https://ie.indeed.com/jobs?q=junior+scrum+master&l=Dublin&start=70&vjk=6ca83ce896c25cac
Systems Specialist, Salesforce , https://ie.indeed.com/jobs?q=junior+scrum+master&l=Dublin&start=70&vjk=180a52433968553b
SCRUM MASTER GLOBAL FINTECH DUBLIN CC, Sigmar Recruitment , https://ie.indeed.com/jobs?q=junior+scrum+master&l=Dublin&start=70&vjk=a1d223fabca198a4
Senior Scrum Master  Blockchain, MasterCard , https://ie.indeed.com/jobs?q=junior+scrum+master&l=Dublin&start=70&vjk=277a96c837138632
Python Developer Platform Enhancements Team, Allen Recruitment Consulting , https://ie.indeed.com/jobs?q=junior+scrum+master&l=Dublin&start=70&vjk=6fe617113c34685e
Mid Level Java Developer, Experis UK  Ireland , https://ie.indeed.com/jobs?q=junior+scrum+master&l=Dublin&start=70&vjk=ad32e7dad0535a9f
Senior Frontend Developer, Oneview Healthcare , https://ie.indeed.com/jobs?q=junior+scrum+master&l=Dublin&start=70&vjk=dc2234daef2435b1
Senior Java Engineer  Technical Lead, Experis UK  Ireland , https://ie.indeed.com/jobs?q=junior+scrum+master&l=Dublin&start=70&vjk=92face4c5fbf8939
Senior Software Engineer, FINEOS Corporation , https://ie.indeed.com/jobs?q=junior+scrum+master&l=Dublin&start=70&vjk=0cd49a64cf0d9fe5
Junior SysAdmin, Aptvision , https://ie.indeed.com/jobs?q=junior+scrum+master&l=Dublin&start=80&vjk=cac0fa61d025cbe7
Financial Services Advisory  Consultant, Grant Thornton , https://ie.indeed.com/jobs?q=junior+scrum+master&l=Dublin&start=80&vjk=6ca83ce896c25cac
Systems Specialist, Salesforce , https://ie.indeed.com/jobs?q=junior+scrum+master&l=Dublin&start=80&vjk=180a52433968553b
SCRUM MASTER GLOBAL FINTECH DUBLIN CC, Sigmar Recruitment , https://ie.indeed.com/jobs?q=junior+scrum+master&l=Dublin&start=80&vjk=a1d223fabca198a4
Senior Scrum Master  Blockchain, MasterCard , https://ie.indeed.com/jobs?q=junior+scrum+master&l=Dublin&start=80&vjk=277a96c837138632
Python Developer Platform Enhancements Team, Allen Recruitment Consulting , https://ie.indeed.com/jobs?q=junior+scrum+master&l=Dublin&start=80&vjk=6fe617113c34685e
Mid Level Java Developer, Experis UK  Ireland , https://ie.indeed.com/jobs?q=junior+scrum+master&l=Dublin&start=80&vjk=ad32e7dad0535a9f
Senior Frontend Developer, Oneview Healthcare , https://ie.indeed.com/jobs?q=junior+scrum+master&l=Dublin&start=80&vjk=dc2234daef2435b1
Senior Java Engineer  Technical Lead, Experis UK  Ireland , https://ie.indeed.com/jobs?q=junior+scrum+master&l=Dublin&start=80&vjk=92face4c5fbf8939
Senior Software Engineer, FINEOS Corporation , https://ie.indeed.com/jobs?q=junior+scrum+master&l=Dublin&start=80&vjk=0cd49a64cf0d9fe5
Junior SysAdmin, Aptvision , https://ie.indeed.com/jobs?q=junior+scrum+master&l=Dublin&start=90&vjk=cac0fa61d025cbe7
Financial Services Advisory  Consultant, Grant Thornton , https://ie.indeed.com/jobs?q=junior+scrum+master&l=Dublin&start=90&vjk=6ca83ce896c25cac
Systems Specialist, Salesforce , https://ie.indeed.com/jobs?q=junior+scrum+master&l=Dublin&start=90&vjk=180a52433968553b
SCRUM MASTER GLOBAL FINTECH DUBLIN CC, Sigmar Recruitment , https://ie.indeed.com/jobs?q=junior+scrum+master&l=Dublin&start=90&vjk=a1d223fabca198a4
Senior Scrum Master  Blockchain, MasterCard , https://ie.indeed.com/jobs?q=junior+scrum+master&l=Dublin&start=90&vjk=277a96c837138632
Python Developer Platform Enhancements Team, Allen Recruitment Consulting , https://ie.indeed.com/jobs?q=junior+scrum+master&l=Dublin&start=90&vjk=6fe617113c34685e
Mid Level Java Developer, Experis UK  Ireland , https://ie.indeed.com/jobs?q=junior+scrum+master&l=Dublin&start=90&vjk=ad32e7dad0535a9f
Senior Frontend Developer, Oneview Healthcare , https://ie.indeed.com/jobs?q=junior+scrum+master&l=Dublin&start=90&vjk=dc2234daef2435b1
Senior Java Engineer  Technical Lead, Experis UK  Ireland , https://ie.indeed.com/jobs?q=junior+scrum+master&l=Dublin&start=90&vjk=92face4c5fbf8939
Senior Software Engineer, FINEOS Corporation , https://ie.indeed.com/jobs?q=junior+scrum+master&l=Dublin&start=90&vjk=0cd49a64cf0d9fe5
