Junior UX Full Stack Designer, Hertz Europe , https://ie.indeed.com/jobs?q=junior+android+developer&l=Dublin&start=0&vjk=928dca03eb250d90
Junior Developer Nodejs, Reperio Human Capital , https://ie.indeed.com/jobs?q=junior+android+developer&l=Dublin&start=0&vjk=bbc0359867f1508b
Junior C Developer, Reperio Human Capital , https://ie.indeed.com/jobs?q=junior+android+developer&l=Dublin&start=0&vjk=be9f8eb9fcffa61a
Senior Android Software Development Engineer, Workday , https://ie.indeed.com/jobs?q=junior+android+developer&l=Dublin&start=0&vjk=275b537675b22bdd
Android Expert, Recruiters , https://ie.indeed.com/jobs?q=junior+android+developer&l=Dublin&start=0&vjk=895bc1501ceb9ddd
Junior PHP Developer, Reperio Human Capital , https://ie.indeed.com/jobs?q=junior+android+developer&l=Dublin&start=0&vjk=7b3156b5ebf349ac
Squad Lead, Verizon , https://ie.indeed.com/jobs?q=junior+android+developer&l=Dublin&start=0&vjk=7eb367e7ccef2c1b
Senior Software Design Engineer with C, ICDS Recruitment , https://ie.indeed.com/jobs?q=junior+android+developer&l=Dublin&start=0&vjk=3f333385d6eb058d
Senior Test Engineer, Independent News  Media , https://ie.indeed.com/jobs?q=junior+android+developer&l=Dublin&start=0&vjk=2fb831c277eabf1e
Junior UX Full Stack Designer, Hertz Europe , https://ie.indeed.com/jobs?q=junior+android+developer&l=Dublin&start=10&vjk=928dca03eb250d90
Junior Developer Nodejs, Reperio Human Capital , https://ie.indeed.com/jobs?q=junior+android+developer&l=Dublin&start=10&vjk=bbc0359867f1508b
Junior C Developer, Reperio Human Capital , https://ie.indeed.com/jobs?q=junior+android+developer&l=Dublin&start=10&vjk=be9f8eb9fcffa61a
Senior Android Software Development Engineer, Workday , https://ie.indeed.com/jobs?q=junior+android+developer&l=Dublin&start=10&vjk=275b537675b22bdd
Android Expert, Recruiters , https://ie.indeed.com/jobs?q=junior+android+developer&l=Dublin&start=10&vjk=895bc1501ceb9ddd
Junior PHP Developer, Reperio Human Capital , https://ie.indeed.com/jobs?q=junior+android+developer&l=Dublin&start=10&vjk=7b3156b5ebf349ac
Squad Lead, Verizon , https://ie.indeed.com/jobs?q=junior+android+developer&l=Dublin&start=10&vjk=7eb367e7ccef2c1b
Senior Software Design Engineer with C, ICDS Recruitment , https://ie.indeed.com/jobs?q=junior+android+developer&l=Dublin&start=10&vjk=3f333385d6eb058d
Senior Test Engineer, Independent News  Media , https://ie.indeed.com/jobs?q=junior+android+developer&l=Dublin&start=10&vjk=2fb831c277eabf1e
Junior UX Full Stack Designer, Hertz Europe , https://ie.indeed.com/jobs?q=junior+android+developer&l=Dublin&start=20&vjk=928dca03eb250d90
Junior Developer Nodejs, Reperio Human Capital , https://ie.indeed.com/jobs?q=junior+android+developer&l=Dublin&start=20&vjk=bbc0359867f1508b
Junior C Developer, Reperio Human Capital , https://ie.indeed.com/jobs?q=junior+android+developer&l=Dublin&start=20&vjk=be9f8eb9fcffa61a
Senior Android Software Development Engineer, Workday , https://ie.indeed.com/jobs?q=junior+android+developer&l=Dublin&start=20&vjk=275b537675b22bdd
Android Expert, Recruiters , https://ie.indeed.com/jobs?q=junior+android+developer&l=Dublin&start=20&vjk=895bc1501ceb9ddd
Junior PHP Developer, Reperio Human Capital , https://ie.indeed.com/jobs?q=junior+android+developer&l=Dublin&start=20&vjk=7b3156b5ebf349ac
Squad Lead, Verizon , https://ie.indeed.com/jobs?q=junior+android+developer&l=Dublin&start=20&vjk=7eb367e7ccef2c1b
Senior Software Design Engineer with C, ICDS Recruitment , https://ie.indeed.com/jobs?q=junior+android+developer&l=Dublin&start=20&vjk=3f333385d6eb058d
Senior Test Engineer, Independent News  Media , https://ie.indeed.com/jobs?q=junior+android+developer&l=Dublin&start=20&vjk=2fb831c277eabf1e
Junior UX Full Stack Designer, Hertz Europe , https://ie.indeed.com/jobs?q=junior+android+developer&l=Dublin&start=30&vjk=928dca03eb250d90
Junior Developer Nodejs, Reperio Human Capital , https://ie.indeed.com/jobs?q=junior+android+developer&l=Dublin&start=30&vjk=bbc0359867f1508b
Junior C Developer, Reperio Human Capital , https://ie.indeed.com/jobs?q=junior+android+developer&l=Dublin&start=30&vjk=be9f8eb9fcffa61a
Senior Android Software Development Engineer, Workday , https://ie.indeed.com/jobs?q=junior+android+developer&l=Dublin&start=30&vjk=275b537675b22bdd
Android Expert, Recruiters , https://ie.indeed.com/jobs?q=junior+android+developer&l=Dublin&start=30&vjk=895bc1501ceb9ddd
Junior PHP Developer, Reperio Human Capital , https://ie.indeed.com/jobs?q=junior+android+developer&l=Dublin&start=30&vjk=7b3156b5ebf349ac
Squad Lead, Verizon , https://ie.indeed.com/jobs?q=junior+android+developer&l=Dublin&start=30&vjk=7eb367e7ccef2c1b
Senior Software Design Engineer with C, ICDS Recruitment , https://ie.indeed.com/jobs?q=junior+android+developer&l=Dublin&start=30&vjk=3f333385d6eb058d
Senior Test Engineer, Independent News  Media , https://ie.indeed.com/jobs?q=junior+android+developer&l=Dublin&start=30&vjk=2fb831c277eabf1e
Junior UX Full Stack Designer, Hertz Europe , https://ie.indeed.com/jobs?q=junior+android+developer&l=Dublin&start=40&vjk=928dca03eb250d90
Junior Developer Nodejs, Reperio Human Capital , https://ie.indeed.com/jobs?q=junior+android+developer&l=Dublin&start=40&vjk=bbc0359867f1508b
Junior C Developer, Reperio Human Capital , https://ie.indeed.com/jobs?q=junior+android+developer&l=Dublin&start=40&vjk=be9f8eb9fcffa61a
Senior Android Software Development Engineer, Workday , https://ie.indeed.com/jobs?q=junior+android+developer&l=Dublin&start=40&vjk=275b537675b22bdd
Android Expert, Recruiters , https://ie.indeed.com/jobs?q=junior+android+developer&l=Dublin&start=40&vjk=895bc1501ceb9ddd
Junior PHP Developer, Reperio Human Capital , https://ie.indeed.com/jobs?q=junior+android+developer&l=Dublin&start=40&vjk=7b3156b5ebf349ac
Squad Lead, Verizon , https://ie.indeed.com/jobs?q=junior+android+developer&l=Dublin&start=40&vjk=7eb367e7ccef2c1b
Senior Software Design Engineer with C, ICDS Recruitment , https://ie.indeed.com/jobs?q=junior+android+developer&l=Dublin&start=40&vjk=3f333385d6eb058d
Senior Test Engineer, Independent News  Media , https://ie.indeed.com/jobs?q=junior+android+developer&l=Dublin&start=40&vjk=2fb831c277eabf1e
Junior UX Full Stack Designer, Hertz Europe , https://ie.indeed.com/jobs?q=junior+android+developer&l=Dublin&start=50&vjk=928dca03eb250d90
Junior Developer Nodejs, Reperio Human Capital , https://ie.indeed.com/jobs?q=junior+android+developer&l=Dublin&start=50&vjk=bbc0359867f1508b
Junior C Developer, Reperio Human Capital , https://ie.indeed.com/jobs?q=junior+android+developer&l=Dublin&start=50&vjk=be9f8eb9fcffa61a
Senior Android Software Development Engineer, Workday , https://ie.indeed.com/jobs?q=junior+android+developer&l=Dublin&start=50&vjk=275b537675b22bdd
Android Expert, Recruiters , https://ie.indeed.com/jobs?q=junior+android+developer&l=Dublin&start=50&vjk=895bc1501ceb9ddd
Junior PHP Developer, Reperio Human Capital , https://ie.indeed.com/jobs?q=junior+android+developer&l=Dublin&start=50&vjk=7b3156b5ebf349ac
Squad Lead, Verizon , https://ie.indeed.com/jobs?q=junior+android+developer&l=Dublin&start=50&vjk=7eb367e7ccef2c1b
Senior Software Design Engineer with C, ICDS Recruitment , https://ie.indeed.com/jobs?q=junior+android+developer&l=Dublin&start=50&vjk=3f333385d6eb058d
Senior Test Engineer, Independent News  Media , https://ie.indeed.com/jobs?q=junior+android+developer&l=Dublin&start=50&vjk=2fb831c277eabf1e
Junior UX Full Stack Designer, Hertz Europe , https://ie.indeed.com/jobs?q=junior+android+developer&l=Dublin&start=60&vjk=928dca03eb250d90
Junior Developer Nodejs, Reperio Human Capital , https://ie.indeed.com/jobs?q=junior+android+developer&l=Dublin&start=60&vjk=bbc0359867f1508b
Junior C Developer, Reperio Human Capital , https://ie.indeed.com/jobs?q=junior+android+developer&l=Dublin&start=60&vjk=be9f8eb9fcffa61a
Senior Android Software Development Engineer, Workday , https://ie.indeed.com/jobs?q=junior+android+developer&l=Dublin&start=60&vjk=275b537675b22bdd
Android Expert, Recruiters , https://ie.indeed.com/jobs?q=junior+android+developer&l=Dublin&start=60&vjk=895bc1501ceb9ddd
Junior PHP Developer, Reperio Human Capital , https://ie.indeed.com/jobs?q=junior+android+developer&l=Dublin&start=60&vjk=7b3156b5ebf349ac
Squad Lead, Verizon , https://ie.indeed.com/jobs?q=junior+android+developer&l=Dublin&start=60&vjk=7eb367e7ccef2c1b
Senior Software Design Engineer with C, ICDS Recruitment , https://ie.indeed.com/jobs?q=junior+android+developer&l=Dublin&start=60&vjk=3f333385d6eb058d
Senior Test Engineer, Independent News  Media , https://ie.indeed.com/jobs?q=junior+android+developer&l=Dublin&start=60&vjk=2fb831c277eabf1e
Junior UX Full Stack Designer, Hertz Europe , https://ie.indeed.com/jobs?q=junior+android+developer&l=Dublin&start=70&vjk=928dca03eb250d90
Junior Developer Nodejs, Reperio Human Capital , https://ie.indeed.com/jobs?q=junior+android+developer&l=Dublin&start=70&vjk=bbc0359867f1508b
Junior C Developer, Reperio Human Capital , https://ie.indeed.com/jobs?q=junior+android+developer&l=Dublin&start=70&vjk=be9f8eb9fcffa61a
Senior Android Software Development Engineer, Workday , https://ie.indeed.com/jobs?q=junior+android+developer&l=Dublin&start=70&vjk=275b537675b22bdd
Android Expert, Recruiters , https://ie.indeed.com/jobs?q=junior+android+developer&l=Dublin&start=70&vjk=895bc1501ceb9ddd
Junior PHP Developer, Reperio Human Capital , https://ie.indeed.com/jobs?q=junior+android+developer&l=Dublin&start=70&vjk=7b3156b5ebf349ac
Squad Lead, Verizon , https://ie.indeed.com/jobs?q=junior+android+developer&l=Dublin&start=70&vjk=7eb367e7ccef2c1b
Senior Software Design Engineer with C, ICDS Recruitment , https://ie.indeed.com/jobs?q=junior+android+developer&l=Dublin&start=70&vjk=3f333385d6eb058d
Senior Test Engineer, Independent News  Media , https://ie.indeed.com/jobs?q=junior+android+developer&l=Dublin&start=70&vjk=2fb831c277eabf1e
Junior C Developer, Reperio Human Capital , https://ie.indeed.com/jobs?q=junior+android+developer&l=Dublin&start=80&vjk=e370036f1d1c6a76
Junior Developer Nodejs, Reperio Human Capital , https://ie.indeed.com/jobs?q=junior+android+developer&l=Dublin&start=80&vjk=bbc0359867f1508b
Junior UX Full Stack Designer, Hertz Europe , https://ie.indeed.com/jobs?q=junior+android+developer&l=Dublin&start=80&vjk=928dca03eb250d90
Junior PHP Developer, Reperio Human Capital , https://ie.indeed.com/jobs?q=junior+android+developer&l=Dublin&start=80&vjk=7b3156b5ebf349ac
Squad Lead, Verizon , https://ie.indeed.com/jobs?q=junior+android+developer&l=Dublin&start=80&vjk=7eb367e7ccef2c1b
Android Expert, Recruiters , https://ie.indeed.com/jobs?q=junior+android+developer&l=Dublin&start=80&vjk=895bc1501ceb9ddd
Senior Android Software Development Engineer, Workday , https://ie.indeed.com/jobs?q=junior+android+developer&l=Dublin&start=80&vjk=275b537675b22bdd
Senior Test Engineer, Independent News  Media , https://ie.indeed.com/jobs?q=junior+android+developer&l=Dublin&start=80&vjk=2fb831c277eabf1e
Senior Software Design Engineer with C, ICDS Recruitment , https://ie.indeed.com/jobs?q=junior+android+developer&l=Dublin&start=80&vjk=3f333385d6eb058d
Junior UX Full Stack Designer, Hertz Europe , https://ie.indeed.com/jobs?q=junior+android+developer&l=Dublin&start=90&vjk=928dca03eb250d90
Junior Developer Nodejs, Reperio Human Capital , https://ie.indeed.com/jobs?q=junior+android+developer&l=Dublin&start=90&vjk=bbc0359867f1508b
Junior C Developer, Reperio Human Capital , https://ie.indeed.com/jobs?q=junior+android+developer&l=Dublin&start=90&vjk=be9f8eb9fcffa61a
Senior Android Software Development Engineer, Workday , https://ie.indeed.com/jobs?q=junior+android+developer&l=Dublin&start=90&vjk=275b537675b22bdd
Android Expert, Recruiters , https://ie.indeed.com/jobs?q=junior+android+developer&l=Dublin&start=90&vjk=895bc1501ceb9ddd
Junior PHP Developer, Reperio Human Capital , https://ie.indeed.com/jobs?q=junior+android+developer&l=Dublin&start=90&vjk=7b3156b5ebf349ac
Squad Lead, Verizon , https://ie.indeed.com/jobs?q=junior+android+developer&l=Dublin&start=90&vjk=7eb367e7ccef2c1b
Senior Software Design Engineer with C, ICDS Recruitment , https://ie.indeed.com/jobs?q=junior+android+developer&l=Dublin&start=90&vjk=3f333385d6eb058d
Senior Test Engineer, Independent News  Media , https://ie.indeed.com/jobs?q=junior+android+developer&l=Dublin&start=90&vjk=2fb831c277eabf1e
