Junior Systems Administrator, Corvil , https://ie.indeed.com/jobs?q=junior+system administrator&l=Dublin&start=0&vjk=6013ab13eb32afce
Junior Office Administrator  HR Support, EisnerAmper Ireland , https://ie.indeed.com/jobs?q=junior+system administrator&l=Dublin&start=0&vjk=cd6cba4c4dc5c045
Junior Purchasing Administrator, DID Electrical , https://ie.indeed.com/jobs?q=junior+system administrator&l=Dublin&start=0&vjk=1e8e7c8b8eb4080b
IT Systems Administrator  Windows Immediate, Reperio Human Capital , https://ie.indeed.com/jobs?q=junior+system administrator&l=Dublin&start=0&vjk=aae823434c07a531
Junior Administrator  Advisory  Restructuring, PKF OConnor Leddy  Holmes , https://ie.indeed.com/jobs?q=junior+system administrator&l=Dublin&start=0&vjk=32fefe5ffcc62091
Junior System Administrator, Brightwater , https://ie.indeed.com/jobs?q=junior+system administrator&l=Dublin&start=0&vjk=e8e1192824dd3f5a
Junior System Administrator, GCS Recruitment Ireland , https://ie.indeed.com/jobs?q=junior+system administrator&l=Dublin&start=0&vjk=d8d72926064c9803
Junior Payroll Specialist  9 Month Contract, TMF Group , https://ie.indeed.com/jobs?q=junior+system administrator&l=Dublin&start=0&vjk=010e541fb5c24eb3
Junior Administrator D2 PERMANENT, Executive Edge Recruitment , https://ie.indeed.com/jobs?q=junior+system administrator&l=Dublin&start=0&vjk=361f98b48c599f44
Junior Office Admin, Vero Coffee Company , https://ie.indeed.com/jobs?q=junior+system administrator&l=Dublin&start=0&vjk=b3ea989bd479f461
Property Administrator, Bell Properties Ltd , https://ie.indeed.com/jobs?q=junior+system administrator&l=Dublin&start=10&vjk=a6e430258fdf36b1
Systems and IT Administrator, Hays , https://ie.indeed.com/jobs?q=junior+system administrator&l=Dublin&start=10&vjk=740f40298c26fae3
Junior Systems Administrator, Firstaff Personnel Consultants Ltd , https://ie.indeed.com/jobs?q=junior+system administrator&l=Dublin&start=10&vjk=a0c0771758889e68
Office Administrator, Felix Recruitment , https://ie.indeed.com/jobs?q=junior+system administrator&l=Dublin&start=10&vjk=2001703fef27f1f3
Jr Site Reliability Engineer South Dublin, Archer Recruitment , https://ie.indeed.com/jobs?q=junior+system administrator&l=Dublin&start=10&vjk=88bb0c35e6ffc0fb
Fund Administration Operator  Transfer Agency, Apex Ireland , https://ie.indeed.com/jobs?q=junior+system administrator&l=Dublin&start=10&vjk=88ceaf9a98ef2d02
Office Administrator, IPS , https://ie.indeed.com/jobs?q=junior+system administrator&l=Dublin&start=10&vjk=4b72dda45665f4a8
Junior AP Administrator 1 Year Contract, Globoforce Limited , https://ie.indeed.com/jobs?q=junior+system administrator&l=Dublin&start=10&vjk=4e01e280ae41f6dc
Cloud Productivity Engineer, Bentley Systems , https://ie.indeed.com/jobs?q=junior+system administrator&l=Dublin&start=10&vjk=266b36fae001bd2d
Corporate Actions Administrator, Sigmar Recruitment , https://ie.indeed.com/jobs?q=junior+system administrator&l=Dublin&start=10&vjk=63c2af838ef33454
Transfer Agency  Global Investor Services Firm, Engage People , https://ie.indeed.com/jobs?q=junior+system administrator&l=Dublin&start=20&vjk=2668890fe48a89bb
SQL Server DBA, Reperio Human Capital , https://ie.indeed.com/jobs?q=junior+system administrator&l=Dublin&start=20&vjk=c23be481bd550ec4
Senior PHP Developer, CliniShift , https://ie.indeed.com/jobs?q=junior+system administrator&l=Dublin&start=20&vjk=18ab14b42d4168f9
Senior AML Administrator, Eden Recruitment , https://ie.indeed.com/jobs?q=junior+system administrator&l=Dublin&start=20&vjk=eab602750b105c64
Senior Transfer Agency  Alternative Funds, Engage People , https://ie.indeed.com/jobs?q=junior+system administrator&l=Dublin&start=20&vjk=23743c7902b3b586
Senior FrontEnd Javascript Developer, CliniShift , https://ie.indeed.com/jobs?q=junior+system administrator&l=Dublin&start=20&vjk=c6943f331deb759b
Senior Fund Administrator, Sigmar Recruitment , https://ie.indeed.com/jobs?q=junior+system administrator&l=Dublin&start=20&vjk=8feca43509e519e7
Junior AP Administrator 1 Year Contract, Globoforce Limited , https://ie.indeed.com/jobs?q=junior+system administrator&l=Dublin&start=30&vjk=4e01e280ae41f6dc
Cloud Productivity Engineer, Bentley Systems , https://ie.indeed.com/jobs?q=junior+system administrator&l=Dublin&start=30&vjk=266b36fae001bd2d
Corporate Actions Administrator, Sigmar Recruitment , https://ie.indeed.com/jobs?q=junior+system administrator&l=Dublin&start=30&vjk=63c2af838ef33454
Transfer Agency  Global Investor Services Firm, Engage People , https://ie.indeed.com/jobs?q=junior+system administrator&l=Dublin&start=30&vjk=2668890fe48a89bb
SQL Server DBA, Reperio Human Capital , https://ie.indeed.com/jobs?q=junior+system administrator&l=Dublin&start=30&vjk=c23be481bd550ec4
Senior PHP Developer, CliniShift , https://ie.indeed.com/jobs?q=junior+system administrator&l=Dublin&start=30&vjk=18ab14b42d4168f9
Senior AML Administrator, Eden Recruitment , https://ie.indeed.com/jobs?q=junior+system administrator&l=Dublin&start=30&vjk=eab602750b105c64
Senior Transfer Agency  Alternative Funds, Engage People , https://ie.indeed.com/jobs?q=junior+system administrator&l=Dublin&start=30&vjk=23743c7902b3b586
Senior FrontEnd Javascript Developer, CliniShift , https://ie.indeed.com/jobs?q=junior+system administrator&l=Dublin&start=30&vjk=c6943f331deb759b
Senior Fund Administrator, Sigmar Recruitment , https://ie.indeed.com/jobs?q=junior+system administrator&l=Dublin&start=30&vjk=8feca43509e519e7
Junior AP Administrator 1 Year Contract, Globoforce Limited , https://ie.indeed.com/jobs?q=junior+system administrator&l=Dublin&start=40&vjk=4e01e280ae41f6dc
Cloud Productivity Engineer, Bentley Systems , https://ie.indeed.com/jobs?q=junior+system administrator&l=Dublin&start=40&vjk=266b36fae001bd2d
Corporate Actions Administrator, Sigmar Recruitment , https://ie.indeed.com/jobs?q=junior+system administrator&l=Dublin&start=40&vjk=63c2af838ef33454
Transfer Agency  Global Investor Services Firm, Engage People , https://ie.indeed.com/jobs?q=junior+system administrator&l=Dublin&start=40&vjk=2668890fe48a89bb
SQL Server DBA, Reperio Human Capital , https://ie.indeed.com/jobs?q=junior+system administrator&l=Dublin&start=40&vjk=c23be481bd550ec4
Senior PHP Developer, CliniShift , https://ie.indeed.com/jobs?q=junior+system administrator&l=Dublin&start=40&vjk=18ab14b42d4168f9
Senior AML Administrator, Eden Recruitment , https://ie.indeed.com/jobs?q=junior+system administrator&l=Dublin&start=40&vjk=eab602750b105c64
Senior Transfer Agency  Alternative Funds, Engage People , https://ie.indeed.com/jobs?q=junior+system administrator&l=Dublin&start=40&vjk=23743c7902b3b586
Senior FrontEnd Javascript Developer, CliniShift , https://ie.indeed.com/jobs?q=junior+system administrator&l=Dublin&start=40&vjk=c6943f331deb759b
Senior Fund Administrator, Sigmar Recruitment , https://ie.indeed.com/jobs?q=junior+system administrator&l=Dublin&start=40&vjk=8feca43509e519e7
Junior AP Administrator 1 Year Contract, Globoforce Limited , https://ie.indeed.com/jobs?q=junior+system administrator&l=Dublin&start=50&vjk=4e01e280ae41f6dc
Cloud Productivity Engineer, Bentley Systems , https://ie.indeed.com/jobs?q=junior+system administrator&l=Dublin&start=50&vjk=266b36fae001bd2d
Corporate Actions Administrator, Sigmar Recruitment , https://ie.indeed.com/jobs?q=junior+system administrator&l=Dublin&start=50&vjk=63c2af838ef33454
Transfer Agency  Global Investor Services Firm, Engage People , https://ie.indeed.com/jobs?q=junior+system administrator&l=Dublin&start=50&vjk=2668890fe48a89bb
SQL Server DBA, Reperio Human Capital , https://ie.indeed.com/jobs?q=junior+system administrator&l=Dublin&start=50&vjk=c23be481bd550ec4
Senior PHP Developer, CliniShift , https://ie.indeed.com/jobs?q=junior+system administrator&l=Dublin&start=50&vjk=18ab14b42d4168f9
Senior AML Administrator, Eden Recruitment , https://ie.indeed.com/jobs?q=junior+system administrator&l=Dublin&start=50&vjk=eab602750b105c64
Senior Transfer Agency  Alternative Funds, Engage People , https://ie.indeed.com/jobs?q=junior+system administrator&l=Dublin&start=50&vjk=23743c7902b3b586
Senior FrontEnd Javascript Developer, CliniShift , https://ie.indeed.com/jobs?q=junior+system administrator&l=Dublin&start=50&vjk=c6943f331deb759b
Senior Fund Administrator, Sigmar Recruitment , https://ie.indeed.com/jobs?q=junior+system administrator&l=Dublin&start=50&vjk=8feca43509e519e7
Junior AP Administrator 1 Year Contract, Globoforce Limited , https://ie.indeed.com/jobs?q=junior+system administrator&l=Dublin&start=60&vjk=4e01e280ae41f6dc
Cloud Productivity Engineer, Bentley Systems , https://ie.indeed.com/jobs?q=junior+system administrator&l=Dublin&start=60&vjk=266b36fae001bd2d
Corporate Actions Administrator, Sigmar Recruitment , https://ie.indeed.com/jobs?q=junior+system administrator&l=Dublin&start=60&vjk=63c2af838ef33454
Transfer Agency  Global Investor Services Firm, Engage People , https://ie.indeed.com/jobs?q=junior+system administrator&l=Dublin&start=60&vjk=2668890fe48a89bb
SQL Server DBA, Reperio Human Capital , https://ie.indeed.com/jobs?q=junior+system administrator&l=Dublin&start=60&vjk=c23be481bd550ec4
Senior PHP Developer, CliniShift , https://ie.indeed.com/jobs?q=junior+system administrator&l=Dublin&start=60&vjk=18ab14b42d4168f9
Senior AML Administrator, Eden Recruitment , https://ie.indeed.com/jobs?q=junior+system administrator&l=Dublin&start=60&vjk=eab602750b105c64
Senior Transfer Agency  Alternative Funds, Engage People , https://ie.indeed.com/jobs?q=junior+system administrator&l=Dublin&start=60&vjk=23743c7902b3b586
Senior FrontEnd Javascript Developer, CliniShift , https://ie.indeed.com/jobs?q=junior+system administrator&l=Dublin&start=60&vjk=c6943f331deb759b
Senior Fund Administrator, Sigmar Recruitment , https://ie.indeed.com/jobs?q=junior+system administrator&l=Dublin&start=60&vjk=8feca43509e519e7
Junior AP Administrator 1 Year Contract, Globoforce Limited , https://ie.indeed.com/jobs?q=junior+system administrator&l=Dublin&start=70&vjk=4e01e280ae41f6dc
Cloud Productivity Engineer, Bentley Systems , https://ie.indeed.com/jobs?q=junior+system administrator&l=Dublin&start=70&vjk=266b36fae001bd2d
Corporate Actions Administrator, Sigmar Recruitment , https://ie.indeed.com/jobs?q=junior+system administrator&l=Dublin&start=70&vjk=63c2af838ef33454
Transfer Agency  Global Investor Services Firm, Engage People , https://ie.indeed.com/jobs?q=junior+system administrator&l=Dublin&start=70&vjk=2668890fe48a89bb
SQL Server DBA, Reperio Human Capital , https://ie.indeed.com/jobs?q=junior+system administrator&l=Dublin&start=70&vjk=c23be481bd550ec4
Senior PHP Developer, CliniShift , https://ie.indeed.com/jobs?q=junior+system administrator&l=Dublin&start=70&vjk=18ab14b42d4168f9
Senior AML Administrator, Eden Recruitment , https://ie.indeed.com/jobs?q=junior+system administrator&l=Dublin&start=70&vjk=eab602750b105c64
Senior Transfer Agency  Alternative Funds, Engage People , https://ie.indeed.com/jobs?q=junior+system administrator&l=Dublin&start=70&vjk=23743c7902b3b586
Senior FrontEnd Javascript Developer, CliniShift , https://ie.indeed.com/jobs?q=junior+system administrator&l=Dublin&start=70&vjk=c6943f331deb759b
Senior Fund Administrator, Sigmar Recruitment , https://ie.indeed.com/jobs?q=junior+system administrator&l=Dublin&start=70&vjk=8feca43509e519e7
Junior AP Administrator 1 Year Contract, Globoforce Limited , https://ie.indeed.com/jobs?q=junior+system administrator&l=Dublin&start=80&vjk=4e01e280ae41f6dc
Cloud Productivity Engineer, Bentley Systems , https://ie.indeed.com/jobs?q=junior+system administrator&l=Dublin&start=80&vjk=266b36fae001bd2d
Corporate Actions Administrator, Sigmar Recruitment , https://ie.indeed.com/jobs?q=junior+system administrator&l=Dublin&start=80&vjk=63c2af838ef33454
Transfer Agency  Global Investor Services Firm, Engage People , https://ie.indeed.com/jobs?q=junior+system administrator&l=Dublin&start=80&vjk=2668890fe48a89bb
SQL Server DBA, Reperio Human Capital , https://ie.indeed.com/jobs?q=junior+system administrator&l=Dublin&start=80&vjk=c23be481bd550ec4
Senior PHP Developer, CliniShift , https://ie.indeed.com/jobs?q=junior+system administrator&l=Dublin&start=80&vjk=18ab14b42d4168f9
Senior AML Administrator, Eden Recruitment , https://ie.indeed.com/jobs?q=junior+system administrator&l=Dublin&start=80&vjk=eab602750b105c64
Senior Transfer Agency  Alternative Funds, Engage People , https://ie.indeed.com/jobs?q=junior+system administrator&l=Dublin&start=80&vjk=23743c7902b3b586
Senior FrontEnd Javascript Developer, CliniShift , https://ie.indeed.com/jobs?q=junior+system administrator&l=Dublin&start=80&vjk=c6943f331deb759b
Senior Fund Administrator, Sigmar Recruitment , https://ie.indeed.com/jobs?q=junior+system administrator&l=Dublin&start=80&vjk=8feca43509e519e7
Junior AP Administrator 1 Year Contract, Globoforce Limited , https://ie.indeed.com/jobs?q=junior+system administrator&l=Dublin&start=90&vjk=4e01e280ae41f6dc
Cloud Productivity Engineer, Bentley Systems , https://ie.indeed.com/jobs?q=junior+system administrator&l=Dublin&start=90&vjk=266b36fae001bd2d
Corporate Actions Administrator, Sigmar Recruitment , https://ie.indeed.com/jobs?q=junior+system administrator&l=Dublin&start=90&vjk=63c2af838ef33454
Transfer Agency  Global Investor Services Firm, Engage People , https://ie.indeed.com/jobs?q=junior+system administrator&l=Dublin&start=90&vjk=2668890fe48a89bb
SQL Server DBA, Reperio Human Capital , https://ie.indeed.com/jobs?q=junior+system administrator&l=Dublin&start=90&vjk=c23be481bd550ec4
Senior PHP Developer, CliniShift , https://ie.indeed.com/jobs?q=junior+system administrator&l=Dublin&start=90&vjk=18ab14b42d4168f9
Senior AML Administrator, Eden Recruitment , https://ie.indeed.com/jobs?q=junior+system administrator&l=Dublin&start=90&vjk=eab602750b105c64
Senior Transfer Agency  Alternative Funds, Engage People , https://ie.indeed.com/jobs?q=junior+system administrator&l=Dublin&start=90&vjk=23743c7902b3b586
Senior FrontEnd Javascript Developer, CliniShift , https://ie.indeed.com/jobs?q=junior+system administrator&l=Dublin&start=90&vjk=c6943f331deb759b
Senior Fund Administrator, Sigmar Recruitment , https://ie.indeed.com/jobs?q=junior+system administrator&l=Dublin&start=90&vjk=8feca43509e519e7
