Junior Embedded Software Engineer, Intel , https://ie.indeed.com/jobs?q=junior+ai+software+engineer&l=Dublin&start=0&vjk=cbbd71b791aeb2bc
Junior Embedded Engineer  Drivers Team, Intel , https://ie.indeed.com/jobs?q=junior+ai+software+engineer&l=Dublin&start=0&vjk=39bebacf39df4d27
Software Engineer Java, Boxever , https://ie.indeed.com/jobs?q=junior+ai+software+engineer&l=Dublin&start=0&vjk=62cb747b914e1813
Storage Support Engineer I, Pure Storage , https://ie.indeed.com/jobs?q=junior+ai+software+engineer&l=Dublin&start=0&vjk=60f3e52220e92a04
Storage Support Engineer  Dublin German Speaking Preferred, Pure Storage , https://ie.indeed.com/jobs?q=junior+ai+software+engineer&l=Dublin&start=0&vjk=fa6d29ab22681439
The Dock  Technology Architect Manager, Accenture , https://ie.indeed.com/jobs?q=junior+ai+software+engineer&l=Dublin&start=0&vjk=3eba03fcb2d2a1ff
Senior Compiler Engineer, Intel , https://ie.indeed.com/jobs?q=junior+ai+software+engineer&l=Dublin&start=0&vjk=bec31358f49458e5
The Dock  NLP  Analytics Principal, Accenture , https://ie.indeed.com/jobs?q=junior+ai+software+engineer&l=Dublin&start=0&vjk=51e77a83c1c1ddf6
Data Science Senior Manager, Accenture , https://ie.indeed.com/jobs?q=junior+ai+software+engineer&l=Dublin&start=0&vjk=f8a951f2e5d4434e
The Dock  Back End Technical Lead, Accenture , https://ie.indeed.com/jobs?q=junior+ai+software+engineer&l=Dublin&start=0&vjk=94e52f0a748ff438
Senior Data Engineer Scala, Boxever , https://ie.indeed.com/jobs?q=junior+ai+software+engineer&l=Dublin&start=10&vjk=4870e4d67d95cf8d
Junior Embedded Engineer  Drivers Team, Intel , https://ie.indeed.com/jobs?q=junior+ai+software+engineer&l=Dublin&start=20&vjk=39bebacf39df4d27
Software Engineer Java, Boxever , https://ie.indeed.com/jobs?q=junior+ai+software+engineer&l=Dublin&start=20&vjk=62cb747b914e1813
Storage Support Engineer I, Pure Storage , https://ie.indeed.com/jobs?q=junior+ai+software+engineer&l=Dublin&start=20&vjk=60f3e52220e92a04
Storage Support Engineer  Dublin German Speaking Preferred, Pure Storage , https://ie.indeed.com/jobs?q=junior+ai+software+engineer&l=Dublin&start=20&vjk=fa6d29ab22681439
The Dock  Technology Architect Manager, Accenture , https://ie.indeed.com/jobs?q=junior+ai+software+engineer&l=Dublin&start=20&vjk=3eba03fcb2d2a1ff
Senior Compiler Engineer, Intel , https://ie.indeed.com/jobs?q=junior+ai+software+engineer&l=Dublin&start=20&vjk=bec31358f49458e5
The Dock  NLP  Analytics Principal, Accenture , https://ie.indeed.com/jobs?q=junior+ai+software+engineer&l=Dublin&start=20&vjk=51e77a83c1c1ddf6
Data Science Senior Manager, Accenture , https://ie.indeed.com/jobs?q=junior+ai+software+engineer&l=Dublin&start=20&vjk=f8a951f2e5d4434e
The Dock  Back End Technical Lead, Accenture , https://ie.indeed.com/jobs?q=junior+ai+software+engineer&l=Dublin&start=20&vjk=94e52f0a748ff438
Senior Data Engineer Scala, Boxever , https://ie.indeed.com/jobs?q=junior+ai+software+engineer&l=Dublin&start=20&vjk=4870e4d67d95cf8d
Junior Embedded Engineer  Drivers Team, Intel , https://ie.indeed.com/jobs?q=junior+ai+software+engineer&l=Dublin&start=30&vjk=39bebacf39df4d27
Software Engineer Java, Boxever , https://ie.indeed.com/jobs?q=junior+ai+software+engineer&l=Dublin&start=30&vjk=62cb747b914e1813
Storage Support Engineer I, Pure Storage , https://ie.indeed.com/jobs?q=junior+ai+software+engineer&l=Dublin&start=30&vjk=60f3e52220e92a04
Storage Support Engineer  Dublin German Speaking Preferred, Pure Storage , https://ie.indeed.com/jobs?q=junior+ai+software+engineer&l=Dublin&start=30&vjk=fa6d29ab22681439
The Dock  Technology Architect Manager, Accenture , https://ie.indeed.com/jobs?q=junior+ai+software+engineer&l=Dublin&start=30&vjk=3eba03fcb2d2a1ff
Senior Compiler Engineer, Intel , https://ie.indeed.com/jobs?q=junior+ai+software+engineer&l=Dublin&start=30&vjk=bec31358f49458e5
The Dock  NLP  Analytics Principal, Accenture , https://ie.indeed.com/jobs?q=junior+ai+software+engineer&l=Dublin&start=30&vjk=51e77a83c1c1ddf6
Data Science Senior Manager, Accenture , https://ie.indeed.com/jobs?q=junior+ai+software+engineer&l=Dublin&start=30&vjk=f8a951f2e5d4434e
The Dock  Back End Technical Lead, Accenture , https://ie.indeed.com/jobs?q=junior+ai+software+engineer&l=Dublin&start=30&vjk=94e52f0a748ff438
Senior Data Engineer Scala, Boxever , https://ie.indeed.com/jobs?q=junior+ai+software+engineer&l=Dublin&start=30&vjk=4870e4d67d95cf8d
Junior Embedded Engineer  Drivers Team, Intel , https://ie.indeed.com/jobs?q=junior+ai+software+engineer&l=Dublin&start=40&vjk=39bebacf39df4d27
Software Engineer Java, Boxever , https://ie.indeed.com/jobs?q=junior+ai+software+engineer&l=Dublin&start=40&vjk=62cb747b914e1813
Storage Support Engineer I, Pure Storage , https://ie.indeed.com/jobs?q=junior+ai+software+engineer&l=Dublin&start=40&vjk=60f3e52220e92a04
Storage Support Engineer  Dublin German Speaking Preferred, Pure Storage , https://ie.indeed.com/jobs?q=junior+ai+software+engineer&l=Dublin&start=40&vjk=fa6d29ab22681439
The Dock  Technology Architect Manager, Accenture , https://ie.indeed.com/jobs?q=junior+ai+software+engineer&l=Dublin&start=40&vjk=3eba03fcb2d2a1ff
Senior Compiler Engineer, Intel , https://ie.indeed.com/jobs?q=junior+ai+software+engineer&l=Dublin&start=40&vjk=bec31358f49458e5
The Dock  NLP  Analytics Principal, Accenture , https://ie.indeed.com/jobs?q=junior+ai+software+engineer&l=Dublin&start=40&vjk=51e77a83c1c1ddf6
Data Science Senior Manager, Accenture , https://ie.indeed.com/jobs?q=junior+ai+software+engineer&l=Dublin&start=40&vjk=f8a951f2e5d4434e
The Dock  Back End Technical Lead, Accenture , https://ie.indeed.com/jobs?q=junior+ai+software+engineer&l=Dublin&start=40&vjk=94e52f0a748ff438
Senior Data Engineer Scala, Boxever , https://ie.indeed.com/jobs?q=junior+ai+software+engineer&l=Dublin&start=40&vjk=4870e4d67d95cf8d
Junior Embedded Engineer  Drivers Team, Intel , https://ie.indeed.com/jobs?q=junior+ai+software+engineer&l=Dublin&start=50&vjk=39bebacf39df4d27
Software Engineer Java, Boxever , https://ie.indeed.com/jobs?q=junior+ai+software+engineer&l=Dublin&start=50&vjk=62cb747b914e1813
Storage Support Engineer I, Pure Storage , https://ie.indeed.com/jobs?q=junior+ai+software+engineer&l=Dublin&start=50&vjk=60f3e52220e92a04
Storage Support Engineer  Dublin German Speaking Preferred, Pure Storage , https://ie.indeed.com/jobs?q=junior+ai+software+engineer&l=Dublin&start=50&vjk=fa6d29ab22681439
The Dock  Technology Architect Manager, Accenture , https://ie.indeed.com/jobs?q=junior+ai+software+engineer&l=Dublin&start=50&vjk=3eba03fcb2d2a1ff
Senior Compiler Engineer, Intel , https://ie.indeed.com/jobs?q=junior+ai+software+engineer&l=Dublin&start=50&vjk=bec31358f49458e5
The Dock  NLP  Analytics Principal, Accenture , https://ie.indeed.com/jobs?q=junior+ai+software+engineer&l=Dublin&start=50&vjk=51e77a83c1c1ddf6
Data Science Senior Manager, Accenture , https://ie.indeed.com/jobs?q=junior+ai+software+engineer&l=Dublin&start=50&vjk=f8a951f2e5d4434e
The Dock  Back End Technical Lead, Accenture , https://ie.indeed.com/jobs?q=junior+ai+software+engineer&l=Dublin&start=50&vjk=94e52f0a748ff438
Senior Data Engineer Scala, Boxever , https://ie.indeed.com/jobs?q=junior+ai+software+engineer&l=Dublin&start=50&vjk=4870e4d67d95cf8d
Junior Embedded Engineer  Drivers Team, Intel , https://ie.indeed.com/jobs?q=junior+ai+software+engineer&l=Dublin&start=60&vjk=39bebacf39df4d27
Software Engineer Java, Boxever , https://ie.indeed.com/jobs?q=junior+ai+software+engineer&l=Dublin&start=60&vjk=62cb747b914e1813
Storage Support Engineer I, Pure Storage , https://ie.indeed.com/jobs?q=junior+ai+software+engineer&l=Dublin&start=60&vjk=60f3e52220e92a04
Storage Support Engineer  Dublin German Speaking Preferred, Pure Storage , https://ie.indeed.com/jobs?q=junior+ai+software+engineer&l=Dublin&start=60&vjk=fa6d29ab22681439
The Dock  Technology Architect Manager, Accenture , https://ie.indeed.com/jobs?q=junior+ai+software+engineer&l=Dublin&start=60&vjk=3eba03fcb2d2a1ff
Senior Compiler Engineer, Intel , https://ie.indeed.com/jobs?q=junior+ai+software+engineer&l=Dublin&start=60&vjk=bec31358f49458e5
The Dock  NLP  Analytics Principal, Accenture , https://ie.indeed.com/jobs?q=junior+ai+software+engineer&l=Dublin&start=60&vjk=51e77a83c1c1ddf6
Data Science Senior Manager, Accenture , https://ie.indeed.com/jobs?q=junior+ai+software+engineer&l=Dublin&start=60&vjk=f8a951f2e5d4434e
The Dock  Back End Technical Lead, Accenture , https://ie.indeed.com/jobs?q=junior+ai+software+engineer&l=Dublin&start=60&vjk=94e52f0a748ff438
Senior Data Engineer Scala, Boxever , https://ie.indeed.com/jobs?q=junior+ai+software+engineer&l=Dublin&start=60&vjk=4870e4d67d95cf8d
Junior Embedded Engineer  Drivers Team, Intel , https://ie.indeed.com/jobs?q=junior+ai+software+engineer&l=Dublin&start=70&vjk=39bebacf39df4d27
Software Engineer Java, Boxever , https://ie.indeed.com/jobs?q=junior+ai+software+engineer&l=Dublin&start=70&vjk=62cb747b914e1813
Storage Support Engineer I, Pure Storage , https://ie.indeed.com/jobs?q=junior+ai+software+engineer&l=Dublin&start=70&vjk=60f3e52220e92a04
Storage Support Engineer  Dublin German Speaking Preferred, Pure Storage , https://ie.indeed.com/jobs?q=junior+ai+software+engineer&l=Dublin&start=70&vjk=fa6d29ab22681439
The Dock  Technology Architect Manager, Accenture , https://ie.indeed.com/jobs?q=junior+ai+software+engineer&l=Dublin&start=70&vjk=3eba03fcb2d2a1ff
Senior Compiler Engineer, Intel , https://ie.indeed.com/jobs?q=junior+ai+software+engineer&l=Dublin&start=70&vjk=bec31358f49458e5
The Dock  NLP  Analytics Principal, Accenture , https://ie.indeed.com/jobs?q=junior+ai+software+engineer&l=Dublin&start=70&vjk=51e77a83c1c1ddf6
Data Science Senior Manager, Accenture , https://ie.indeed.com/jobs?q=junior+ai+software+engineer&l=Dublin&start=70&vjk=f8a951f2e5d4434e
The Dock  Back End Technical Lead, Accenture , https://ie.indeed.com/jobs?q=junior+ai+software+engineer&l=Dublin&start=70&vjk=94e52f0a748ff438
Senior Data Engineer Scala, Boxever , https://ie.indeed.com/jobs?q=junior+ai+software+engineer&l=Dublin&start=70&vjk=4870e4d67d95cf8d
Junior Embedded Engineer  Drivers Team, Intel , https://ie.indeed.com/jobs?q=junior+ai+software+engineer&l=Dublin&start=80&vjk=39bebacf39df4d27
Software Engineer Java, Boxever , https://ie.indeed.com/jobs?q=junior+ai+software+engineer&l=Dublin&start=80&vjk=62cb747b914e1813
Storage Support Engineer I, Pure Storage , https://ie.indeed.com/jobs?q=junior+ai+software+engineer&l=Dublin&start=80&vjk=60f3e52220e92a04
Storage Support Engineer  Dublin German Speaking Preferred, Pure Storage , https://ie.indeed.com/jobs?q=junior+ai+software+engineer&l=Dublin&start=80&vjk=fa6d29ab22681439
The Dock  Technology Architect Manager, Accenture , https://ie.indeed.com/jobs?q=junior+ai+software+engineer&l=Dublin&start=80&vjk=3eba03fcb2d2a1ff
Senior Compiler Engineer, Intel , https://ie.indeed.com/jobs?q=junior+ai+software+engineer&l=Dublin&start=80&vjk=bec31358f49458e5
The Dock  NLP  Analytics Principal, Accenture , https://ie.indeed.com/jobs?q=junior+ai+software+engineer&l=Dublin&start=80&vjk=51e77a83c1c1ddf6
Data Science Senior Manager, Accenture , https://ie.indeed.com/jobs?q=junior+ai+software+engineer&l=Dublin&start=80&vjk=f8a951f2e5d4434e
The Dock  Back End Technical Lead, Accenture , https://ie.indeed.com/jobs?q=junior+ai+software+engineer&l=Dublin&start=80&vjk=94e52f0a748ff438
Senior Data Engineer Scala, Boxever , https://ie.indeed.com/jobs?q=junior+ai+software+engineer&l=Dublin&start=80&vjk=4870e4d67d95cf8d
Junior Embedded Engineer  Drivers Team, Intel , https://ie.indeed.com/jobs?q=junior+ai+software+engineer&l=Dublin&start=90&vjk=39bebacf39df4d27
Software Engineer Java, Boxever , https://ie.indeed.com/jobs?q=junior+ai+software+engineer&l=Dublin&start=90&vjk=62cb747b914e1813
Storage Support Engineer I, Pure Storage , https://ie.indeed.com/jobs?q=junior+ai+software+engineer&l=Dublin&start=90&vjk=60f3e52220e92a04
Storage Support Engineer  Dublin German Speaking Preferred, Pure Storage , https://ie.indeed.com/jobs?q=junior+ai+software+engineer&l=Dublin&start=90&vjk=fa6d29ab22681439
The Dock  Technology Architect Manager, Accenture , https://ie.indeed.com/jobs?q=junior+ai+software+engineer&l=Dublin&start=90&vjk=3eba03fcb2d2a1ff
Senior Compiler Engineer, Intel , https://ie.indeed.com/jobs?q=junior+ai+software+engineer&l=Dublin&start=90&vjk=bec31358f49458e5
The Dock  NLP  Analytics Principal, Accenture , https://ie.indeed.com/jobs?q=junior+ai+software+engineer&l=Dublin&start=90&vjk=51e77a83c1c1ddf6
Data Science Senior Manager, Accenture , https://ie.indeed.com/jobs?q=junior+ai+software+engineer&l=Dublin&start=90&vjk=f8a951f2e5d4434e
The Dock  Back End Technical Lead, Accenture , https://ie.indeed.com/jobs?q=junior+ai+software+engineer&l=Dublin&start=90&vjk=94e52f0a748ff438
Senior Data Engineer Scala, Boxever , https://ie.indeed.com/jobs?q=junior+ai+software+engineer&l=Dublin&start=90&vjk=4870e4d67d95cf8d
